{"cameraMode":{"drawMode":0,"name":"Shaded","section":"Shading Mode"},"sceneLighting":true,"audioPlay":false,"sceneViewState":{"showFog":true,"showMaterialUpdate":false,"showSkybox":true,"showFlares":true,"showImageEffects":true,"showParticleSystems":true},"in2DMode":false,"pivot":{"x":0.6092170476913452,"y":-3.2758963108062746,"z":1.5693302154541016},"rotation":{"x":0.4749978482723236,"y":0.5235791802406311,"z":-0.4727238714694977,"w":0.5260967016220093},"size":13.76207160949707,"orthographic":false}